dwad-e4d4-3d-828e-8ecbf3a45d3,Fernando,#1906cc,h
d558e208-8927-4d91-b38a-db173df5aad5,Anonymous,#1906cc,fff
d558e208-8927-4d91-b38a-db173df5aad5,Anonymous,#1906cc,f
d558e208-8927-4d91-b38a-db173df5aad5,Anonymous,#1906cc,f
dwad-e4d4-3d-828e-8ecbf3a45d3,Fernando,#1906cc,Hola
d558e208-8927-4d91-b38a-db173df5aad5,Anonymous,#1906cc,f
d558e208-8927-4d91-b38a-db173df5aad5,Anonymous,#1906cc,f
d558e208-8927-4d91-b38a-db173df5aad5,Anonymous,#1906cc,f
d558e208-8927-4d91-b38a-db173df5aad5,Anonymous,#1906cc,f
d558e208-8927-4d91-b38a-db173df5aad5,Anonymous,#1906cc,f
d558e208-8927-4d91-b38a-db173df5aad5,Anonymous,#1906cc,f
dwad-e4d4-3d-828e-8ecbf3a45d3,Fernando,#1906cc,f
dwad-e4d4-3d-828e-8ecbf3a45d3,Fernando,#1906cc,f
dwad-e4d4-3d-828e-8ecbf3a45d3,Fernando,#1906cc,f
d558e208-8927-4d91-b38a-db173df5aad5,Anonymous,#1906cc,f
d558e208-8927-4d91-b38a-db173df5aad5,Anonymous,#1906cc,hola que tal
dwad-e4d4-3d-828e-8ecbf3a45d3,Fernando,#1906cc,d
dwad-e4d4-3d-828e-8ecbf3a45d3,Fernando,#1906cc,d
d558e208-8927-4d91-b38a-db173df5aad5,Anonymous,#1906cc,hola
d558e208-8927-4d91-b38a-db173df5aad5,Mark,#1906cc,Hola
d558e208-8927-4d91-b38a-db173df5aad5,Mark,#1906cc,asa
d558e208-8927-4d91-b38a-db173df5aad5,Markk,#1906cc,Hola
d558e208-8927-4d91-b38a-db173df5aad5,Markk,#1906cc,hola
d558e208-8927-4d91-b38a-db173df5aad5,Markk,#1906cc,hola
dwad-e4d4-3d-828e-8ecbf3a45d3,marc,#1906cc,Pene
a49beaaf-d745-4c95-83ce-393a7ea32d73,Anonymous,#1906cc,dwa
a49beaaf-d745-4c95-83ce-393a7ea32d73,Anonymous,#1906cc,dwa
a49beaaf-d745-4c95-83ce-393a7ea32d73,Anonymous,#1906cc,dwad
a49beaaf-d745-4c95-83ce-393a7ea32d73,Anonymous,#1906cc,dwa
a49beaaf-d745-4c95-83ce-393a7ea32d73,xd,#1906cc,dwad
a49beaaf-d745-4c95-83ce-393a7ea32d73,xd,#1906cc,dwad
a49beaaf-d745-4c95-83ce-393a7ea32d73,xd,#1906cc,dwa
a49beaaf-d745-4c95-83ce-393a7ea32d73,xd,#1906cc,dwad
a49beaaf-d745-4c95-83ce-393a7ea32d73,xd,#1906cc,dawd
a49beaaf-d745-4c95-83ce-393a7ea32d73,da,#1906cc,dwad
a49beaaf-d745-4c95-83ce-393a7ea32d73,da,#1906cc,dwad
a49beaaf-d745-4c95-83ce-393a7ea32d73,da,#1906cc,dwaddwad
a49beaaf-d745-4c95-83ce-393a7ea32d73,da,#1906cc,awdawd
a49beaaf-d745-4c95-83ce-393a7ea32d73,da,#1906cc,awdaw
a49beaaf-d745-4c95-83ce-393a7ea32d73,da,#1906cc,dwa
a49beaaf-d745-4c95-83ce-393a7ea32d73,da,#1906cc,dwa
a49beaaf-d745-4c95-83ce-393a7ea32d73,da,#1906cc,dwa
a49beaaf-d745-4c95-83ce-393a7ea32d73,da,#1906cc,dwad
a49beaaf-d745-4c95-83ce-393a7ea32d73,da,#1906cc,dwa
a49beaaf-d745-4c95-83ce-393a7ea32d73,da,#1906cc,dwad
a49beaaf-d745-4c95-83ce-393a7ea32d73,da,#1906cc,dwad
a49beaaf-d745-4c95-83ce-393a7ea32d73,da,#1906cc,daw
a49beaaf-d745-4c95-83ce-393a7ea32d73,da,#1906cc,dwa
a49beaaf-d745-4c95-83ce-393a7ea32d73,da,#1906cc,dawd
a49beaaf-d745-4c95-83ce-393a7ea32d73,da,#1906cc,dwa
a49beaaf-d745-4c95-83ce-393a7ea32d73,da,#1906cc,dwad
a49beaaf-d745-4c95-83ce-393a7ea32d73,da,#1906cc,Ã§dwad
a49beaaf-d745-4c95-83ce-393a7ea32d73,da,#1906cc,dwa
a49beaaf-d745-4c95-83ce-393a7ea32d73,da,#1906cc,dwa
a49beaaf-d745-4c95-83ce-393a7ea32d73,da,#1906cc,d
a49beaaf-d745-4c95-83ce-393a7ea32d73,da,#1906cc,d
a49beaaf-d745-4c95-83ce-393a7ea32d73,da,#1906cc,dd
a49beaaf-d745-4c95-83ce-393a7ea32d73,da,#1906cc,
dwad-e4d4-3d-828e-8ecbf3a45d3,xd,#1906cc,
dwad-e4d4-3d-828e-8ecbf3a45d3,xd,#1906cc,
dwad-e4d4-3d-828e-8ecbf3a45d3,xd,#1906cc,
dwad-e4d4-3d-828e-8ecbf3a45d3,xd,#1906cc,
dwad-e4d4-3d-828e-8ecbf3a45d3,xd,#1906cc,dwad
c5964ae1-2154-480d-be01-cff85df14c93,Marc,#1906cc,hola
b168e59a-6b55-4217-8b0f-ccea68fc703d,Fernando,#1906cc,Hola zuck
c5964ae1-2154-480d-be01-cff85df14c93,Mark,#1906cc,hola
b168e59a-6b55-4217-8b0f-ccea68fc703d,Fernando,#1906cc,locula
c5964ae1-2154-480d-be01-cff85df14c93,Mark,#1906cc,hola
c5964ae1-2154-480d-be01-cff85df14c93,Mark,#1906cc,hola
c5964ae1-2154-480d-be01-cff85df14c93,Mark,#1906cc,hola
b168e59a-6b55-4217-8b0f-ccea68fc703d,Fernando,#1906cc,locura
c5964ae1-2154-480d-be01-cff85df14c93,Mark,#1906cc,hola
c5964ae1-2154-480d-be01-cff85df14c93,Mark,#1906cc,hola
c5964ae1-2154-480d-be01-cff85df14c93,Mark,#1906cc,hola
c5964ae1-2154-480d-be01-cff85df14c93,Mark,#1906cc,a
c5964ae1-2154-480d-be01-cff85df14c93,Mark,#1906cc,a
c5964ae1-2154-480d-be01-cff85df14c93,Mark,#1906cc,a
c5964ae1-2154-480d-be01-cff85df14c93,Mark,#1906cc,a
c5964ae1-2154-480d-be01-cff85df14c93,Mark,#1906cc,a
c5964ae1-2154-480d-be01-cff85df14c93,Mark,#1906cc,a
c5964ae1-2154-480d-be01-cff85df14c93,Mark,#1906cc,a
c5964ae1-2154-480d-be01-cff85df14c93,Mark,#1906cc,a
c5964ae1-2154-480d-be01-cff85df14c93,Mark,#1906cc,a
c5964ae1-2154-480d-be01-cff85df14c93,Mark,#1906cc,a
c5964ae1-2154-480d-be01-cff85df14c93,Mark,#1906cc,hola
c5964ae1-2154-480d-be01-cff85df14c93,Mark,#1906cc,hola
c5964ae1-2154-480d-be01-cff85df14c93,Mark,#1906cc,hola
c5964ae1-2154-480d-be01-cff85df14c93,Mark,#1906cc,hola
c5964ae1-2154-480d-be01-cff85df14c93,Mark,#1906cc,hola
c5964ae1-2154-480d-be01-cff85df14c93,Mark,#1906cc,que tal
